{
	"partitions" : [
		{
			"name" : "Top",
			"pins" : [
				{
					"name" : "debounceout",
					"strict" : false
				},
				{
					"name" : "clear",
					"strict" : false
				},
				{
					"name" : "enable",
					"strict" : false
				},
				{
					"name" : "testing",
					"strict" : false
				},
				{
					"name" : "HEX0[6]",
					"strict" : false
				},
				{
					"name" : "HEX0[5]",
					"strict" : false
				},
				{
					"name" : "HEX0[4]",
					"strict" : false
				},
				{
					"name" : "HEX0[3]",
					"strict" : false
				},
				{
					"name" : "HEX0[2]",
					"strict" : false
				},
				{
					"name" : "HEX0[1]",
					"strict" : false
				},
				{
					"name" : "HEX0[0]",
					"strict" : false
				},
				{
					"name" : "HEX1[6]",
					"strict" : false
				},
				{
					"name" : "HEX1[5]",
					"strict" : false
				},
				{
					"name" : "HEX1[4]",
					"strict" : false
				},
				{
					"name" : "HEX1[3]",
					"strict" : false
				},
				{
					"name" : "HEX1[2]",
					"strict" : false
				},
				{
					"name" : "HEX1[1]",
					"strict" : false
				},
				{
					"name" : "HEX1[0]",
					"strict" : false
				},
				{
					"name" : "HEX2[6]",
					"strict" : false
				},
				{
					"name" : "HEX2[5]",
					"strict" : false
				},
				{
					"name" : "HEX2[4]",
					"strict" : false
				},
				{
					"name" : "HEX2[3]",
					"strict" : false
				},
				{
					"name" : "HEX2[2]",
					"strict" : false
				},
				{
					"name" : "HEX2[1]",
					"strict" : false
				},
				{
					"name" : "HEX2[0]",
					"strict" : false
				},
				{
					"name" : "HEX3[6]",
					"strict" : false
				},
				{
					"name" : "HEX3[5]",
					"strict" : false
				},
				{
					"name" : "HEX3[4]",
					"strict" : false
				},
				{
					"name" : "HEX3[3]",
					"strict" : false
				},
				{
					"name" : "HEX3[2]",
					"strict" : false
				},
				{
					"name" : "HEX3[1]",
					"strict" : false
				},
				{
					"name" : "HEX3[0]",
					"strict" : false
				},
				{
					"name" : "HEX4[6]",
					"strict" : false
				},
				{
					"name" : "HEX4[5]",
					"strict" : false
				},
				{
					"name" : "HEX4[4]",
					"strict" : false
				},
				{
					"name" : "HEX4[3]",
					"strict" : false
				},
				{
					"name" : "HEX4[2]",
					"strict" : false
				},
				{
					"name" : "HEX4[1]",
					"strict" : false
				},
				{
					"name" : "HEX4[0]",
					"strict" : false
				},
				{
					"name" : "HEX5[6]",
					"strict" : false
				},
				{
					"name" : "HEX5[5]",
					"strict" : false
				},
				{
					"name" : "HEX5[4]",
					"strict" : false
				},
				{
					"name" : "HEX5[3]",
					"strict" : false
				},
				{
					"name" : "HEX5[2]",
					"strict" : false
				},
				{
					"name" : "HEX5[1]",
					"strict" : false
				},
				{
					"name" : "HEX5[0]",
					"strict" : false
				},
				{
					"name" : "HEX6[6]",
					"strict" : false
				},
				{
					"name" : "HEX6[5]",
					"strict" : false
				},
				{
					"name" : "HEX6[4]",
					"strict" : false
				},
				{
					"name" : "HEX6[3]",
					"strict" : false
				},
				{
					"name" : "HEX6[2]",
					"strict" : false
				},
				{
					"name" : "HEX6[1]",
					"strict" : false
				},
				{
					"name" : "HEX6[0]",
					"strict" : false
				},
				{
					"name" : "hour1[3]",
					"strict" : false
				},
				{
					"name" : "hour1[2]",
					"strict" : false
				},
				{
					"name" : "hour1[1]",
					"strict" : false
				},
				{
					"name" : "hour1[0]",
					"strict" : false
				},
				{
					"name" : "hour2[3]",
					"strict" : false
				},
				{
					"name" : "hour2[2]",
					"strict" : false
				},
				{
					"name" : "hour2[1]",
					"strict" : false
				},
				{
					"name" : "hour2[0]",
					"strict" : false
				},
				{
					"name" : "minute1[3]",
					"strict" : false
				},
				{
					"name" : "minute1[2]",
					"strict" : false
				},
				{
					"name" : "minute1[1]",
					"strict" : false
				},
				{
					"name" : "minute1[0]",
					"strict" : false
				},
				{
					"name" : "minute2[3]",
					"strict" : false
				},
				{
					"name" : "minute2[2]",
					"strict" : false
				},
				{
					"name" : "minute2[1]",
					"strict" : false
				},
				{
					"name" : "minute2[0]",
					"strict" : false
				},
				{
					"name" : "second1[3]",
					"strict" : false
				},
				{
					"name" : "second1[2]",
					"strict" : false
				},
				{
					"name" : "second1[1]",
					"strict" : false
				},
				{
					"name" : "second1[0]",
					"strict" : false
				},
				{
					"name" : "second2[3]",
					"strict" : false
				},
				{
					"name" : "second2[2]",
					"strict" : false
				},
				{
					"name" : "second2[1]",
					"strict" : false
				},
				{
					"name" : "second2[0]",
					"strict" : false
				},
				{
					"name" : "tenthsecond[3]",
					"strict" : false
				},
				{
					"name" : "tenthsecond[2]",
					"strict" : false
				},
				{
					"name" : "tenthsecond[1]",
					"strict" : false
				},
				{
					"name" : "tenthsecond[0]",
					"strict" : false
				},
				{
					"name" : "CLOCK_50",
					"strict" : false
				},
				{
					"name" : "SW[0]",
					"strict" : false
				}
			]
		}
	]
}